공고명,회사명,등록일,지원마감일,근무지역,경력,학력,근무형태,"급여(월급,연봉)",직무분야,링크
[에너지IT기업 해줌] 데이터사이언티스트,(주)해줌,수정일 23/09/11,상시채용,서울전체,경력 3~20년,초대졸↑,정규직,,"데이터분석가, 딥러닝, 머신러닝, 블록체인, 빅데이터 외 수정일 23/09/11",https://www.saramin.co.kr/zf_user/jobs/relay/view?view_type=search&rec_idx=45121023&location=ts&searchword=%EB%8D%B0%EC%9D%B4%ED%84%B0%EC%82%AC%EC%9D%B4%EC%96%B8%ED%8B%B0%EC%8A%A4%ED%8A%B8&searchType=search&paid_fl=n&search_uuid=9282315d-0191-4fa5-b7c6-57cc86a8a67c
그루비사업부 데이터사이언티스트,(주)플래티어,수정일 23/07/27,상시채용,서울전체,경력 1~10년,대졸↑,정규직,,"데이터분석가, 백엔드/서버개발, 웹개발, SE(시스템엔지니어), 데이터마이닝 외 수정일 23/07/27",https://www.saramin.co.kr/zf_user/jobs/relay/view?view_type=search&rec_idx=45631132&location=ts&searchword=%EB%8D%B0%EC%9D%B4%ED%84%B0%EC%82%AC%EC%9D%B4%EC%96%B8%ED%8B%B0%EC%8A%A4%ED%8A%B8&searchType=search&paid_fl=n&search_uuid=9282315d-0191-4fa5-b7c6-57cc86a8a67c
코스닥 상장 ㈜플래티어 그루비사업부 데이터사이언티스트 채용,(주)플래티어,등록일 23/08/23,상시채용,서울 송파구,경력 3~6년,초대졸↑,정규직,,"데이터분석가, 빅데이터, AWS, Git, Java 외 등록일 23/08/23",https://www.saramin.co.kr/zf_user/jobs/relay/view?view_type=search&rec_idx=46423829&location=ts&searchword=%EB%8D%B0%EC%9D%B4%ED%84%B0%EC%82%AC%EC%9D%B4%EC%96%B8%ED%8B%B0%EC%8A%A4%ED%8A%B8&searchType=search&paid_fl=n&search_uuid=9282315d-0191-4fa5-b7c6-57cc86a8a67c
데이터사이언티스트 (분석가) 채용,(주)파이디지털헬스케어,등록일 23/10/04,채용시,서울 서대문구,경력 2~10년,대졸↑,정규직·계약직,,"데이터분석가, 데이터마이닝, 머신러닝, 빅데이터, 알고리즘 외 등록일 23/10/04",https://www.saramin.co.kr/zf_user/jobs/relay/view?view_type=search&rec_idx=46681321&location=ts&searchword=%EB%8D%B0%EC%9D%B4%ED%84%B0%EC%82%AC%EC%9D%B4%EC%96%B8%ED%8B%B0%EC%8A%A4%ED%8A%B8&searchType=search&paid_fl=n&search_uuid=9282315d-0191-4fa5-b7c6-57cc86a8a67c
[에너지 IT기업 해줌] 데이터사이언티스트 채용,주식회사 해줌,등록일 23/09/23,~ 10/23(월),서울 송파구,경력 3~19년,대졸↑,정규직,,"데이터분석가, 딥러닝, 머신러닝, 빅데이터, 알고리즘 외 등록일 23/09/23",https://www.saramin.co.kr/zf_user/jobs/relay/view?view_type=search&rec_idx=46641201&location=ts&searchword=%EB%8D%B0%EC%9D%B4%ED%84%B0%EC%82%AC%EC%9D%B4%EC%96%B8%ED%8B%B0%EC%8A%A4%ED%8A%B8&searchType=search&paid_fl=n&search_uuid=9282315d-0191-4fa5-b7c6-57cc86a8a67c
[국내 코스닥 상장업체] 데이터사이언티스트 팀장,(주)휴먼트리월드와이드,등록일 23/10/03,~ 11/02(목),서울 강남구,경력 8~15년,대졸↑,정규직,,"데이터마이닝, 데이터시각화, 딥러닝, 머신러닝, 빅데이터 외 등록일 23/10/03",https://www.saramin.co.kr/zf_user/jobs/relay/view?view_type=search&rec_idx=46675187&location=ts&searchword=%EB%8D%B0%EC%9D%B4%ED%84%B0%EC%82%AC%EC%9D%B4%EC%96%B8%ED%8B%B0%EC%8A%A4%ED%8A%B8&searchType=search&paid_fl=n&search_uuid=9282315d-0191-4fa5-b7c6-57cc86a8a67c
[국내 코스닥 상장업체] 데이터사이언티스트 팀원,(주)휴먼트리월드와이드,등록일 23/10/03,~ 11/02(목),서울 강남구,경력 1~6년,대졸↑,정규직,,"데이터마이닝, 데이터시각화, 딥러닝, 머신러닝, 빅데이터 외 등록일 23/10/03",https://www.saramin.co.kr/zf_user/jobs/relay/view?view_type=search&rec_idx=46675188&location=ts&searchword=%EB%8D%B0%EC%9D%B4%ED%84%B0%EC%82%AC%EC%9D%B4%EC%96%B8%ED%8B%B0%EC%8A%A4%ED%8A%B8&searchType=search&paid_fl=n&search_uuid=9282315d-0191-4fa5-b7c6-57cc86a8a67c
[태양광대기업] 데이터사이언티스트 부문,(주)에이스파트너스서치펌,등록일 23/10/06,~ 11/05(일),충북 진천군,경력 3~13년,대졸↑,정규직,,"솔루션, MES, FA(공장자동화), 제조, 딥러닝 외 등록일 23/10/06",https://www.saramin.co.kr/zf_user/jobs/relay/view?view_type=search&rec_idx=46707648&location=ts&searchword=%EB%8D%B0%EC%9D%B4%ED%84%B0%EC%82%AC%EC%9D%B4%EC%96%B8%ED%8B%B0%EC%8A%A4%ED%8A%B8&searchType=search&paid_fl=n&search_uuid=9282315d-0191-4fa5-b7c6-57cc86a8a67c
데이터사이언티스트& 조직·인사 경영컨설턴트 모집[주4일근무],(주)라이언앤코,수정일 23/10/04,상시채용,서울 강남구,신입·경력,대졸↑,정규직,,"HR컨설팅, 컨설턴트, 경영컨설팅, 인사, 교육기획 외 수정일 23/10/04",https://www.saramin.co.kr/zf_user/jobs/relay/view?view_type=search&rec_idx=46451929&location=ts&searchword=%EB%8D%B0%EC%9D%B4%ED%84%B0%EC%82%AC%EC%9D%B4%EC%96%B8%ED%8B%B0%EC%8A%A4%ED%8A%B8&searchType=search&paid_fl=n&search_uuid=9282315d-0191-4fa5-b7c6-57cc86a8a67c
[NHN] 페이코 서비스 데이터 사이언티스트,엔에이치엔(주),수정일 23/09/11,채용시,경기 성남시 분당구,경력2년↑,학력무관,정규직,,"데이터분석가, 데이터엔지니어, 빅데이터, 데이터분석, 머신러닝 외 수정일 23/09/11",https://www.saramin.co.kr/zf_user/jobs/relay/view?view_type=search&rec_idx=46550884&location=ts&searchword=%EB%8D%B0%EC%9D%B4%ED%84%B0%EC%82%AC%EC%9D%B4%EC%96%B8%ED%8B%B0%EC%8A%A4%ED%8A%B8&searchType=search&paid_fl=n&search_uuid=9282315d-0191-4fa5-b7c6-57cc86a8a67c
"[코스닥상장사] 엑셈 데이터 사이언티스트 (경력 5년이상, 과장급)",(주)엑셈,수정일 23/08/29,상시채용,서울 강서구,경력 5~10년,학력무관,정규직,,"데이터분석가, 데이터엔지니어, SE(시스템엔지니어), 데이터마이닝, 데이터시각화 외 수정일 23/08/29",https://www.saramin.co.kr/zf_user/jobs/relay/view?view_type=search&rec_idx=45341375&location=ts&searchword=%EB%8D%B0%EC%9D%B4%ED%84%B0%EC%82%AC%EC%9D%B4%EC%96%B8%ED%8B%B0%EC%8A%A4%ED%8A%B8&searchType=search&paid_fl=n&search_uuid=9282315d-0191-4fa5-b7c6-57cc86a8a67c
[Unannounced Project] ML Engineer (데이터 사이언티스트),일렉트로닉아츠코리아유한책임회사,수정일 23/09/21,상시채용,서울 강남구,경력 6~10년,학력무관,정규직,,"데이터분석가, 딥러닝, 머신러닝, 블록체인, 빅데이터 외 수정일 23/09/21",https://www.saramin.co.kr/zf_user/jobs/relay/view?view_type=search&rec_idx=45996412&location=ts&searchword=%EB%8D%B0%EC%9D%B4%ED%84%B0%EC%82%AC%EC%9D%B4%EC%96%B8%ED%8B%B0%EC%8A%A4%ED%8A%B8&searchType=search&paid_fl=n&search_uuid=9282315d-0191-4fa5-b7c6-57cc86a8a67c
데이터 사이언티스트 모집,(주)더블미디어,등록일 23/08/08,상시채용,서울 강남구,경력 2~10년,학력무관,정규직,,"데이터분석가, 데이터엔지니어, 백엔드/서버개발, 웹개발, DBA 외 등록일 23/08/08",https://www.saramin.co.kr/zf_user/jobs/relay/view?view_type=search&rec_idx=46315366&location=ts&searchword=%EB%8D%B0%EC%9D%B4%ED%84%B0%EC%82%AC%EC%9D%B4%EC%96%B8%ED%8B%B0%EC%8A%A4%ED%8A%B8&searchType=search&paid_fl=n&search_uuid=9282315d-0191-4fa5-b7c6-57cc86a8a67c
데이터 사이언티스트(비전/이미지),아이오크롭스(주),수정일 23/10/12,상시채용,서울 서초구,경력 3~15년,대졸↑,정규직,,"데이터분석가, SE(시스템엔지니어), 데이터마이닝, 데이터시각화, 딥러닝 외 수정일 23/10/12",https://www.saramin.co.kr/zf_user/jobs/relay/view?view_type=search&rec_idx=46503860&location=ts&searchword=%EB%8D%B0%EC%9D%B4%ED%84%B0%EC%82%AC%EC%9D%B4%EC%96%B8%ED%8B%B0%EC%8A%A4%ED%8A%B8&searchType=search&paid_fl=n&search_uuid=9282315d-0191-4fa5-b7c6-57cc86a8a67c
하반기 R&D 대규모 채용 (데이터분석/사이언티스트),(주)반프,등록일 23/09/11,채용시,서울 강남구,경력무관,대졸↑,정규직,,"데이터분석가, 데이터엔지니어, 데이터라벨링, 데이터마이닝, 데이터시각화 외 등록일 23/09/11",https://www.saramin.co.kr/zf_user/jobs/relay/view?view_type=search&rec_idx=46548178&location=ts&searchword=%EB%8D%B0%EC%9D%B4%ED%84%B0%EC%82%AC%EC%9D%B4%EC%96%B8%ED%8B%B0%EC%8A%A4%ED%8A%B8&searchType=search&paid_fl=n&search_uuid=9282315d-0191-4fa5-b7c6-57cc86a8a67c
[부피 알고리즘] 데이터 사이언티스트,(주)안티그래비티,수정일 23/06/09,상시채용,서울 성동구,경력 3~20년,석사↑,정규직,,"데이터분석가, 데이터엔지니어, 백엔드/서버개발, 웹개발, 딥러닝 외 수정일 23/06/09",https://www.saramin.co.kr/zf_user/jobs/relay/view?view_type=search&rec_idx=42913843&location=ts&searchword=%EB%8D%B0%EC%9D%B4%ED%84%B0%EC%82%AC%EC%9D%B4%EC%96%B8%ED%8B%B0%EC%8A%A4%ED%8A%B8&searchType=search&paid_fl=n&search_uuid=9282315d-0191-4fa5-b7c6-57cc86a8a67c
데이터 사이언티스트,(주)비포플레이,등록일 22/12/08,상시채용,서울전체,경력 5~8년,학력무관,정규직,,"데이터분석가, 백엔드/서버개발, 웹개발, 딥러닝, 머신러닝 외 등록일 22/12/08",https://www.saramin.co.kr/zf_user/jobs/relay/view?view_type=search&rec_idx=44598995&location=ts&searchword=%EB%8D%B0%EC%9D%B4%ED%84%B0%EC%82%AC%EC%9D%B4%EC%96%B8%ED%8B%B0%EC%8A%A4%ED%8A%B8&searchType=search&paid_fl=n&search_uuid=9282315d-0191-4fa5-b7c6-57cc86a8a67c
데이터 사이언티스트 채용,(주)빌트온,등록일 23/10/10,~ 11/09(목),서울 금천구,경력무관,대졸↑,정규직,,"빅데이터, 모델링, Python, SQL, DataMining 외 등록일 23/10/10",https://www.saramin.co.kr/zf_user/jobs/relay/view?view_type=search&rec_idx=46725987&location=ts&searchword=%EB%8D%B0%EC%9D%B4%ED%84%B0%EC%82%AC%EC%9D%B4%EC%96%B8%ED%8B%B0%EC%8A%A4%ED%8A%B8&searchType=search&paid_fl=n&search_uuid=9282315d-0191-4fa5-b7c6-57cc86a8a67c
데이터 사이언티스트,(주)베이글코드,수정일 23/10/04,~ 10/31(화),서울 강남구,경력3년↑,학력무관,,,"머신러닝, 모델링, AI(인공지능), Python, Spark 외 수정일 23/10/04",https://www.saramin.co.kr/zf_user/jobs/relay/view?view_type=search&rec_idx=46682575&location=ts&searchword=%EB%8D%B0%EC%9D%B4%ED%84%B0%EC%82%AC%EC%9D%B4%EC%96%B8%ED%8B%B0%EC%8A%A4%ED%8A%B8&searchType=search&paid_fl=n&search_uuid=9282315d-0191-4fa5-b7c6-57cc86a8a67c
데이터 사이언티스트 (에너지 IT),(주)에너닷,수정일 23/08/07,상시채용,서울 서초구,신입·경력,대졸↑,정규직,,"백엔드/서버개발, 웹개발, SE(시스템엔지니어), 데이터마이닝, 데이터시각화 외 수정일 23/08/07",https://www.saramin.co.kr/zf_user/jobs/relay/view?view_type=search&rec_idx=46279408&location=ts&searchword=%EB%8D%B0%EC%9D%B4%ED%84%B0%EC%82%AC%EC%9D%B4%EC%96%B8%ED%8B%B0%EC%8A%A4%ED%8A%B8&searchType=search&paid_fl=n&search_uuid=9282315d-0191-4fa5-b7c6-57cc86a8a67c
소셜 빅데이터 분석 컨설턴트(데이터 사이언티스트) 모집,(주)알에스엔,수정일 23/10/06,~ 11/12(일),경기 고양시 일산서구,신입·경력,초대졸↑,정규직·인턴직,,"컨설턴트, 리서치, 데이터분석, 시장조사, 트렌드분석 외 수정일 23/10/06",https://www.saramin.co.kr/zf_user/jobs/relay/view?view_type=search&rec_idx=46572950&location=ts&searchword=%EB%8D%B0%EC%9D%B4%ED%84%B0%EC%82%AC%EC%9D%B4%EC%96%B8%ED%8B%B0%EC%8A%A4%ED%8A%B8&searchType=search&paid_fl=n&search_uuid=9282315d-0191-4fa5-b7c6-57cc86a8a67c
Senior Data Scientist,(주)카비,수정일 23/08/18,상시채용,서울전체,경력 3~10년,석사↑,정규직,,"데이터분석가, 백엔드/서버개발, 웹개발, SE(시스템엔지니어), 데이터마이닝 외 수정일 23/08/18",https://www.saramin.co.kr/zf_user/jobs/relay/view?view_type=search&rec_idx=45736283&location=ts&searchword=%EB%8D%B0%EC%9D%B4%ED%84%B0%EC%82%AC%EC%9D%B4%EC%96%B8%ED%8B%B0%EC%8A%A4%ED%8A%B8&searchType=search&paid_fl=n&search_uuid=9282315d-0191-4fa5-b7c6-57cc86a8a67c
Data Scientist - 마케팅 믹스 최적화 Task,콘센트릭스서비스코리아(유),수정일 23/09/26,~ 10/26(목),서울 용산구,경력 2~15년,학력무관,정규직,,"데이터분석가, 데이터분석, 머신러닝, 솔루션, 클라우드 외 수정일 23/09/26",https://www.saramin.co.kr/zf_user/jobs/relay/view?view_type=search&rec_idx=46654506&location=ts&searchword=%EB%8D%B0%EC%9D%B4%ED%84%B0%EC%82%AC%EC%9D%B4%EC%96%B8%ED%8B%B0%EC%8A%A4%ED%8A%B8&searchType=search&paid_fl=n&search_uuid=9282315d-0191-4fa5-b7c6-57cc86a8a67c
2023공개채용(Data Scientist),(주)옴니씨앤에스,등록일 23/10/11,~ 11/10(금),서울 구로구,경력 3~7년,석사↑,정규직,,"데이터분석가, 데이터시각화, 빅데이터, 머신러닝, 모델링 외 등록일 23/10/11",https://www.saramin.co.kr/zf_user/jobs/relay/view?view_type=search&rec_idx=46739976&location=ts&searchword=%EB%8D%B0%EC%9D%B4%ED%84%B0%EC%82%AC%EC%9D%B4%EC%96%B8%ED%8B%B0%EC%8A%A4%ED%8A%B8&searchType=search&paid_fl=n&search_uuid=9282315d-0191-4fa5-b7c6-57cc86a8a67c
[KT NexR] Data Scientist 채용,(주)케이티넥스알,수정일 23/06/27,상시채용,서울전체,경력 4~10년,대졸↑,정규직,,"데이터분석가, 데이터엔지니어, SE(시스템엔지니어), 데이터마이닝, 데이터시각화 외 수정일 23/06/27",https://www.saramin.co.kr/zf_user/jobs/relay/view?view_type=search&rec_idx=44223623&location=ts&searchword=%EB%8D%B0%EC%9D%B4%ED%84%B0%EC%82%AC%EC%9D%B4%EC%96%B8%ED%8B%B0%EC%8A%A4%ED%8A%B8&searchType=search&paid_fl=n&search_uuid=9282315d-0191-4fa5-b7c6-57cc86a8a67c
Data Scientist in Financial,(주)페니로이스,등록일 23/06/29,상시채용,서울 종로구,경력 2~10년,대졸↑,정규직,,"데이터분석가, 데이터엔지니어, SE(시스템엔지니어), 데이터마이닝, 데이터시각화 외 등록일 23/06/29",https://www.saramin.co.kr/zf_user/jobs/relay/view?view_type=search&rec_idx=46034554&location=ts&searchword=%EB%8D%B0%EC%9D%B4%ED%84%B0%EC%82%AC%EC%9D%B4%EC%96%B8%ED%8B%B0%EC%8A%A4%ED%8A%B8&searchType=search&paid_fl=n&search_uuid=9282315d-0191-4fa5-b7c6-57cc86a8a67c
[나스닥 상장사] AI Data Scientist,한류뱅크(주),수정일 23/08/23,상시채용,서울전체,경력 3~15년,대졸↑,정규직,,"데이터분석가, 데이터엔지니어, 데이터마이닝, 데이터시각화, 딥러닝 외 수정일 23/08/23",https://www.saramin.co.kr/zf_user/jobs/relay/view?view_type=search&rec_idx=46369182&location=ts&searchword=%EB%8D%B0%EC%9D%B4%ED%84%B0%EC%82%AC%EC%9D%B4%EC%96%B8%ED%8B%B0%EC%8A%A4%ED%8A%B8&searchType=search&paid_fl=n&search_uuid=9282315d-0191-4fa5-b7c6-57cc86a8a67c
"[울산] 데이터분석(시계열 데이터 분석, Data Scientist)",(주)인터엑스,수정일 23/09/22,상시채용,울산전체,경력 2~5년,학력무관,정규직,,"데이터분석가, SE(시스템엔지니어), 데이터마이닝, 데이터시각화, 딥러닝 외 수정일 23/09/22",https://www.saramin.co.kr/zf_user/jobs/relay/view?view_type=search&rec_idx=44865957&location=ts&searchword=%EB%8D%B0%EC%9D%B4%ED%84%B0%EC%82%AC%EC%9D%B4%EC%96%B8%ED%8B%B0%EC%8A%A4%ED%8A%B8&searchType=search&paid_fl=n&search_uuid=9282315d-0191-4fa5-b7c6-57cc86a8a67c
"[울산] 데이터분석(이미지 및 영상 데이터 분석가, Data Scientist)",(주)인터엑스,수정일 23/09/22,상시채용,울산전체,경력 2~5년,학력무관,정규직,,"데이터분석가, SE(시스템엔지니어), 데이터마이닝, 데이터시각화, 딥러닝 외 수정일 23/09/22",https://www.saramin.co.kr/zf_user/jobs/relay/view?view_type=search&rec_idx=44865989&location=ts&searchword=%EB%8D%B0%EC%9D%B4%ED%84%B0%EC%82%AC%EC%9D%B4%EC%96%B8%ED%8B%B0%EC%8A%A4%ED%8A%B8&searchType=search&paid_fl=n&search_uuid=9282315d-0191-4fa5-b7c6-57cc86a8a67c
"[서울] 데이터분석(시계열 데이터 분석, Data Scientist)",(주)인터엑스,수정일 23/09/22,상시채용,서울전체,경력 2~5년,학력무관,정규직,,"데이터분석가, SE(시스템엔지니어), 데이터마이닝, 데이터시각화, 딥러닝 외 수정일 23/09/22",https://www.saramin.co.kr/zf_user/jobs/relay/view?view_type=search&rec_idx=45410526&location=ts&searchword=%EB%8D%B0%EC%9D%B4%ED%84%B0%EC%82%AC%EC%9D%B4%EC%96%B8%ED%8B%B0%EC%8A%A4%ED%8A%B8&searchType=search&paid_fl=n&search_uuid=9282315d-0191-4fa5-b7c6-57cc86a8a67c
"[서울] 데이터분석(이미지 및 영상 데이터 분석가, Data Scientist)",(주)인터엑스,수정일 23/09/22,상시채용,서울전체,경력 2~5년,학력무관,정규직,,"데이터분석가, SE(시스템엔지니어), 데이터마이닝, 데이터시각화, 딥러닝 외 수정일 23/09/22",https://www.saramin.co.kr/zf_user/jobs/relay/view?view_type=search&rec_idx=45410472&location=ts&searchword=%EB%8D%B0%EC%9D%B4%ED%84%B0%EC%82%AC%EC%9D%B4%EC%96%B8%ED%8B%B0%EC%8A%A4%ED%8A%B8&searchType=search&paid_fl=n&search_uuid=9282315d-0191-4fa5-b7c6-57cc86a8a67c
[외국계 SI솔루션 업체]Senior Growth Data Scientist (5년이상),(주)라온서치,등록일 23/10/12,~ 10/20(금),서울 강남구,경력5년↑,대졸↑,정규직,,"데이터분석가, 머신러닝, 빅데이터, 리서치, Python 외 등록일 23/10/12",https://www.saramin.co.kr/zf_user/jobs/relay/view?view_type=search&rec_idx=46752170&location=ts&searchword=%EB%8D%B0%EC%9D%B4%ED%84%B0%EC%82%AC%EC%9D%B4%EC%96%B8%ED%8B%B0%EC%8A%A4%ED%8A%B8&searchType=search&paid_fl=n&search_uuid=9282315d-0191-4fa5-b7c6-57cc86a8a67c
Data-centric 기반 딥러닝 연구/개발(Data Scientist),(주)에이모,등록일 23/08/03,상시채용,경기전체,경력 4~10년,대졸↑,정규직,,"데이터분석가, SE(시스템엔지니어), 데이터마이닝, 데이터시각화, 딥러닝 외 등록일 23/08/03",https://www.saramin.co.kr/zf_user/jobs/relay/view?view_type=search&rec_idx=46282278&location=ts&searchword=%EB%8D%B0%EC%9D%B4%ED%84%B0%EC%82%AC%EC%9D%B4%EC%96%B8%ED%8B%B0%EC%8A%A4%ED%8A%B8&searchType=search&paid_fl=n&search_uuid=9282315d-0191-4fa5-b7c6-57cc86a8a67c
Data Scientist 경력 채용,(주)피에트,수정일 23/09/15,상시채용,서울 강남구,경력 4~10년,학력무관,정규직,,"데이터분석가, SE(시스템엔지니어), 데이터마이닝, 데이터시각화, 딥러닝 외 수정일 23/09/15",https://www.saramin.co.kr/zf_user/jobs/relay/view?view_type=search&rec_idx=46129022&location=ts&searchword=%EB%8D%B0%EC%9D%B4%ED%84%B0%EC%82%AC%EC%9D%B4%EC%96%B8%ED%8B%B0%EC%8A%A4%ED%8A%B8&searchType=search&paid_fl=n&search_uuid=9282315d-0191-4fa5-b7c6-57cc86a8a67c
Data Scientist,디플래닉스(주),등록일 23/08/09,상시채용,서울 서초구,경력 5~10년,학력무관,정규직,,"데이터분석가, SE(시스템엔지니어), 데이터마이닝, 데이터시각화, 딥러닝 외 등록일 23/08/09",https://www.saramin.co.kr/zf_user/jobs/relay/view?view_type=search&rec_idx=46323355&location=ts&searchword=%EB%8D%B0%EC%9D%B4%ED%84%B0%EC%82%AC%EC%9D%B4%EC%96%B8%ED%8B%B0%EC%8A%A4%ED%8A%B8&searchType=search&paid_fl=n&search_uuid=9282315d-0191-4fa5-b7c6-57cc86a8a67c
[eMoldino] AI Data Scientist,(주)이몰디노,등록일 23/10/06,상시채용,서울 중구,신입·경력,대졸↑,정규직,,"데이터분석가, SE(시스템엔지니어), 데이터마이닝, 데이터시각화, 딥러닝 외 등록일 23/10/06",https://www.saramin.co.kr/zf_user/jobs/relay/view?view_type=search&rec_idx=46712383&location=ts&searchword=%EB%8D%B0%EC%9D%B4%ED%84%B0%EC%82%AC%EC%9D%B4%EC%96%B8%ED%8B%B0%EC%8A%A4%ED%8A%B8&searchType=search&paid_fl=n&search_uuid=9282315d-0191-4fa5-b7c6-57cc86a8a67c
[물류대기업] Data Scientist (경력8년 - 15년),파워에이치알,수정일 23/10/13,~ 11/03(금),서울 종로구,경력 12~19년,대졸↑,정규직,,"데이터분석가, 데이터엔지니어, 데이터라벨링, 데이터마이닝, 데이터시각화 외 수정일 23/10/13",https://www.saramin.co.kr/zf_user/jobs/relay/view?view_type=search&rec_idx=46679906&location=ts&searchword=%EB%8D%B0%EC%9D%B4%ED%84%B0%EC%82%AC%EC%9D%B4%EC%96%B8%ED%8B%B0%EC%8A%A4%ED%8A%B8&searchType=search&paid_fl=n&search_uuid=9282315d-0191-4fa5-b7c6-57cc86a8a67c
[업계 최고 대우] Data Scientist 모집합니다 :),(주)와이리,등록일 23/09/11,채용시,서울 중구,경력무관,대졸↑,정규직,,"데이터분석가, 딥러닝, 머신러닝, 모델링, 빅데이터 외 등록일 23/09/11",https://www.saramin.co.kr/zf_user/jobs/relay/view?view_type=search&rec_idx=46552234&location=ts&searchword=%EB%8D%B0%EC%9D%B4%ED%84%B0%EC%82%AC%EC%9D%B4%EC%96%B8%ED%8B%B0%EC%8A%A4%ED%8A%B8&searchType=search&paid_fl=n&search_uuid=9282315d-0191-4fa5-b7c6-57cc86a8a67c
[금융대기업계열사] Data Scientist 경력직 채용,휴먼인써치,수정일 23/10/12,~ 11/05(일),서울 서초구,경력5년↑,대졸↑,정규직,,"데이터분석가, IT컨설팅, 데이터마이닝, 데이터시각화, 딥러닝 외 수정일 23/10/12",https://www.saramin.co.kr/zf_user/jobs/relay/view?view_type=search&rec_idx=46707594&location=ts&searchword=%EB%8D%B0%EC%9D%B4%ED%84%B0%EC%82%AC%EC%9D%B4%EC%96%B8%ED%8B%B0%EC%8A%A4%ED%8A%B8&searchType=search&paid_fl=n&search_uuid=9282315d-0191-4fa5-b7c6-57cc86a8a67c
헬스케어 플랫폼 기업 - Data Scientist,피앤오파트너스,등록일 23/10/11,~ 11/10(금),서울 강남구,경력 3~7년,대졸↑,정규직,,"데이터분석가, 딥러닝, 머신러닝, 빅데이터, AI(인공지능) 외 등록일 23/10/11",https://www.saramin.co.kr/zf_user/jobs/relay/view?view_type=search&rec_idx=46738131&location=ts&searchword=%EB%8D%B0%EC%9D%B4%ED%84%B0%EC%82%AC%EC%9D%B4%EC%96%B8%ED%8B%B0%EC%8A%A4%ED%8A%B8&searchType=search&paid_fl=n&search_uuid=9282315d-0191-4fa5-b7c6-57cc86a8a67c
[태양광대기업] 데이터사이언티스트 부문,(주)에이스파트너스서치펌,등록일 23/10/06,~ 11/05(일),충북 진천군,경력 3~13년,대졸↑,정규직,,"솔루션, MES, FA(공장자동화), 제조, 딥러닝 외 등록일 23/10/06",https://www.saramin.co.kr/zf_user/jobs/relay/view?view_type=search&rec_idx=46707648&location=ts&searchword=%EB%8D%B0%EC%9D%B4%ED%84%B0%EC%82%AC%EC%9D%B4%EC%96%B8%ED%8B%B0%EC%8A%A4%ED%8A%B8&searchType=search&paid_fl=n&search_uuid=ad3c9cf2-c2eb-4a29-84ac-899ed1798c81
데이터 사이언티스트,(주)베이글코드,수정일 23/10/04,~ 10/31(화),서울 강남구,경력3년↑,학력무관,,,"머신러닝, 모델링, AI(인공지능), Python, Spark 외 수정일 23/10/04",https://www.saramin.co.kr/zf_user/jobs/relay/view?view_type=search&rec_idx=46682575&location=ts&searchword=%EB%8D%B0%EC%9D%B4%ED%84%B0%EC%82%AC%EC%9D%B4%EC%96%B8%ED%8B%B0%EC%8A%A4%ED%8A%B8&searchType=search&paid_fl=n&search_uuid=ad3c9cf2-c2eb-4a29-84ac-899ed1798c81
[국내 코스닥 상장업체] 데이터사이언티스트 팀장,(주)휴먼트리월드와이드,등록일 23/10/03,~ 11/02(목),서울 강남구,경력 8~15년,대졸↑,정규직,,"데이터마이닝, 데이터시각화, 딥러닝, 머신러닝, 빅데이터 외 등록일 23/10/03",https://www.saramin.co.kr/zf_user/jobs/relay/view?view_type=search&rec_idx=46675187&location=ts&searchword=%EB%8D%B0%EC%9D%B4%ED%84%B0%EC%82%AC%EC%9D%B4%EC%96%B8%ED%8B%B0%EC%8A%A4%ED%8A%B8&searchType=search&paid_fl=n&search_uuid=ad3c9cf2-c2eb-4a29-84ac-899ed1798c81
[GfK] Retail Service Group 신입 정규직 채용,지에프케이리테일앤테크놀로지코리아리미티드,등록일 23/09/18,채용시,서울 용산구,신입,초대졸↑,정규직,,"리서치, 컨설턴트, 연구소, 컨설팅, 조사분석 외 등록일 23/09/18",https://www.saramin.co.kr/zf_user/jobs/relay/view?view_type=search&rec_idx=46602120&location=ts&searchword=%EB%8D%B0%EC%9D%B4%ED%84%B0%EC%82%AC%EC%9D%B4%EC%96%B8%ED%8B%B0%EC%8A%A4%ED%8A%B8&searchType=search&paid_fl=n&search_uuid=ad3c9cf2-c2eb-4a29-84ac-899ed1798c81
[SK아이이테크놀로지] DT기획원 경력채용,SK이노베이션(주),등록일 23/10/04,~ 10/29(일),서울 종로구,경력5년↑,대졸↑,정규직,,"기술지원, 유지보수, 정보보안, 딥러닝, 챗봇 외 등록일 23/10/04",https://www.saramin.co.kr/zf_user/jobs/relay/view?view_type=search&rec_idx=46691221&location=ts&searchword=%EB%8D%B0%EC%9D%B4%ED%84%B0%EC%82%AC%EC%9D%B4%EC%96%B8%ED%8B%B0%EC%8A%A4%ED%8A%B8&searchType=search&paid_fl=n&search_uuid=ad3c9cf2-c2eb-4a29-84ac-899ed1798c81
[Tech] Data Engineer,(주)루센트블록,등록일 23/10/04,~ 12/03(일),대전 유성구,경력무관,학력무관,정규직,,"데이터엔지니어, S/W, ETL, Java, Python 외 등록일 23/10/04",https://www.saramin.co.kr/zf_user/jobs/relay/view?view_type=search&rec_idx=46679108&location=ts&searchword=%EB%8D%B0%EC%9D%B4%ED%84%B0%EC%82%AC%EC%9D%B4%EC%96%B8%ED%8B%B0%EC%8A%A4%ED%8A%B8&searchType=search&paid_fl=n&search_uuid=ad3c9cf2-c2eb-4a29-84ac-899ed1798c81
[비파괴검사 자동평가 솔루션] 데이터 분석가 신입/경력 채용,(주)딥아이,수정일 23/10/06,~ 11/05(일),부산 기장군,경력무관,학력무관,정규직,"4,000 만원","데이터분석가, 데이터엔지니어, 데이터마이닝, 데이터시각화, 딥러닝 외 수정일 23/10/06",https://www.saramin.co.kr/zf_user/jobs/relay/view?view_type=search&rec_idx=46710692&location=ts&searchword=%EB%8D%B0%EC%9D%B4%ED%84%B0%EC%82%AC%EC%9D%B4%EC%96%B8%ED%8B%B0%EC%8A%A4%ED%8A%B8&searchType=search&paid_fl=n&search_uuid=ad3c9cf2-c2eb-4a29-84ac-899ed1798c81
[데이터사이언스 전문가 양성사업]AI 데이터 분석 및 IT인력모집,(주)에스디테크,등록일 23/09/12,채용시,전남 순천시,경력무관,학력무관,정규직,,"데이터분석가, 빅데이터, 딥러닝, 머신러닝, 모델링 외 등록일 23/09/12",https://www.saramin.co.kr/zf_user/jobs/relay/view?view_type=search&rec_idx=46566956&location=ts&searchword=%EB%8D%B0%EC%9D%B4%ED%84%B0%EC%82%AC%EC%9D%B4%EC%96%B8%ED%8B%B0%EC%8A%A4%ED%8A%B8&searchType=search&paid_fl=n&search_uuid=ad3c9cf2-c2eb-4a29-84ac-899ed1798c81
[윌로그] 데이터 분석가(Data Analyst) 경력직 채용,주식회사 윌로그,수정일 23/09/15,상시채용,서울 강남구,경력3년↑,학력무관,정규직,,"데이터분석가, 데이터엔지니어, 빅데이터, 데이터분석, IoT 외 수정일 23/09/15",https://www.saramin.co.kr/zf_user/jobs/relay/view?view_type=search&rec_idx=46535318&location=ts&searchword=%EB%8D%B0%EC%9D%B4%ED%84%B0%EC%82%AC%EC%9D%B4%EC%96%B8%ED%8B%B0%EC%8A%A4%ED%8A%B8&searchType=search&paid_fl=n&search_uuid=ad3c9cf2-c2eb-4a29-84ac-899ed1798c81
MLOps Engineer(전문연구요원 가능),(주)원프레딕트,수정일 23/05/31,상시채용,서울 강남구,경력 5~7년,학력무관,정규직,,"데이터분석가, 웹개발, SE(시스템엔지니어), 데이터마이닝, 데이터시각화 외 수정일 23/05/31",https://www.saramin.co.kr/zf_user/jobs/relay/view?view_type=search&rec_idx=43887320&location=ts&searchword=%EB%8D%B0%EC%9D%B4%ED%84%B0%EC%82%AC%EC%9D%B4%EC%96%B8%ED%8B%B0%EC%8A%A4%ED%8A%B8&searchType=search&paid_fl=n&search_uuid=ad3c9cf2-c2eb-4a29-84ac-899ed1798c81
[쿠팡CFS] Data Analyst (데이터 분석가),쿠팡풀필먼트서비스(유),수정일 23/10/05,~ 10/31(화),서울 송파구,경력3년↑,학력무관,정규직,,"데이터마이닝, MySQL, NoSQL, PostgreSQL, SQL 외 수정일 23/10/05",https://www.saramin.co.kr/zf_user/jobs/relay/view?view_type=search&rec_idx=46689621&location=ts&searchword=%EB%8D%B0%EC%9D%B4%ED%84%B0%EC%82%AC%EC%9D%B4%EC%96%B8%ED%8B%B0%EC%8A%A4%ED%8A%B8&searchType=search&paid_fl=n&search_uuid=ad3c9cf2-c2eb-4a29-84ac-899ed1798c81
[토스뱅크] CSS Modeler (신용평가모형 개발/운영),(주)비바리퍼블리카,등록일 23/08/24,상시채용,서울 강남구,경력3년↑,학력무관,정규직,,"데이터엔지니어, 빅데이터, 알고리즘, CSS, Python 외 등록일 23/08/24",https://www.saramin.co.kr/zf_user/jobs/relay/view?view_type=search&rec_idx=46430369&location=ts&searchword=%EB%8D%B0%EC%9D%B4%ED%84%B0%EC%82%AC%EC%9D%B4%EC%96%B8%ED%8B%B0%EC%8A%A4%ED%8A%B8&searchType=search&paid_fl=n&search_uuid=ad3c9cf2-c2eb-4a29-84ac-899ed1798c81
Data Engineer,디플래닉스(주),등록일 23/08/09,상시채용,서울 서초구,경력 3~8년,학력무관,정규직,,"백엔드/서버개발, 웹개발, SE(시스템엔지니어), 데이터마이닝, 데이터시각화 외 등록일 23/08/09",https://www.saramin.co.kr/zf_user/jobs/relay/view?view_type=search&rec_idx=46323332&location=ts&searchword=%EB%8D%B0%EC%9D%B4%ED%84%B0%EC%82%AC%EC%9D%B4%EC%96%B8%ED%8B%B0%EC%8A%A4%ED%8A%B8&searchType=search&paid_fl=n&search_uuid=ad3c9cf2-c2eb-4a29-84ac-899ed1798c81
[경력] Database Engineer,에이플랫폼(주),등록일 23/09/26,채용시,서울 마포구,경력3년↑,초대졸↑,정규직,,"기술지원, 데이터엔지니어, 빅데이터, DBMS, DW 외 등록일 23/09/26",https://www.saramin.co.kr/zf_user/jobs/relay/view?view_type=search&rec_idx=46657637&location=ts&searchword=%EB%8D%B0%EC%9D%B4%ED%84%B0%EC%82%AC%EC%9D%B4%EC%96%B8%ED%8B%B0%EC%8A%A4%ED%8A%B8&searchType=search&paid_fl=n&search_uuid=ad3c9cf2-c2eb-4a29-84ac-899ed1798c81
[광고사업부] 퍼포먼스 마케터(AE) 채용,매드업,등록일 23/10/04,~ 10/31(화),서울 서초구,경력 1~5년,대졸↑,정규직,,"AE(광고기획자), 미디어플래너, 온라인마케팅, 키워드광고, 광고기획 외 등록일 23/10/04",https://www.saramin.co.kr/zf_user/jobs/relay/view?view_type=search&rec_idx=46678838&location=ts&searchword=%EB%8D%B0%EC%9D%B4%ED%84%B0%EC%82%AC%EC%9D%B4%EC%96%B8%ED%8B%B0%EC%8A%A4%ED%8A%B8&searchType=search&paid_fl=n&search_uuid=ad3c9cf2-c2eb-4a29-84ac-899ed1798c81
[서울대병원 1호 스타트업] 각 부문별 신입/경력 인재 모집(수시채용),메디컬아이피(주),수정일 23/10/05,~ 10/20(금),서울 종로구,신입·경력,학력무관,정규직·전문연구요원,,"데이터분석가, 데이터엔지니어, 백엔드/서버개발, 프론트엔드, QA/테스터 외 수정일 23/10/05",https://www.saramin.co.kr/zf_user/jobs/relay/view?view_type=search&rec_idx=46688277&location=ts&searchword=%EB%8D%B0%EC%9D%B4%ED%84%B0%EC%82%AC%EC%9D%B4%EC%96%B8%ED%8B%B0%EC%8A%A4%ED%8A%B8&searchType=search&paid_fl=n&search_uuid=ad3c9cf2-c2eb-4a29-84ac-899ed1798c81
"AI, 머신러닝 데이터분석가 등 신입 및 경력 채용",(주)에이아이더뉴트리진,수정일 23/10/10,~ 10/31(화),서울 강남구,신입·경력,대졸↑,정규직,,"데이터분석가, 머신러닝, 빅데이터, AI(인공지능), Python 외 수정일 23/10/10",https://www.saramin.co.kr/zf_user/jobs/relay/view?view_type=search&rec_idx=46724313&location=ts&searchword=%EB%8D%B0%EC%9D%B4%ED%84%B0%EC%82%AC%EC%9D%B4%EC%96%B8%ED%8B%B0%EC%8A%A4%ED%8A%B8&searchType=search&paid_fl=n&search_uuid=ad3c9cf2-c2eb-4a29-84ac-899ed1798c81
[뷰티테크기업] 에이피알 각 부문별 IT/개발직군 모집,(주)에이피알,수정일 23/10/11,상시채용,서울 송파구,경력무관,대졸↑,정규직,,"데이터분석가, 데이터엔지니어, 웹개발, 퍼블리셔, 프론트엔드 외 수정일 23/10/11",https://www.saramin.co.kr/zf_user/jobs/relay/view?view_type=search&rec_idx=46733676&location=ts&searchword=%EB%8D%B0%EC%9D%B4%ED%84%B0%EC%82%AC%EC%9D%B4%EC%96%B8%ED%8B%B0%EC%8A%A4%ED%8A%B8&searchType=search&paid_fl=n&search_uuid=ad3c9cf2-c2eb-4a29-84ac-899ed1798c81
진스토리코리아 2023년 하반기 신입 및 경력 채용,진스토리코리아(주),등록일 23/10/12,~ 11/11(토),서울 금천구,경력무관,학력무관,정규직,,"데이터분석가, 데이터시각화, Linux, Python, 국제무역사 외 등록일 23/10/12",https://www.saramin.co.kr/zf_user/jobs/relay/view?view_type=search&rec_idx=46750078&location=ts&searchword=%EB%8D%B0%EC%9D%B4%ED%84%B0%EC%82%AC%EC%9D%B4%EC%96%B8%ED%8B%B0%EC%8A%A4%ED%8A%B8&searchType=search&paid_fl=n&search_uuid=ad3c9cf2-c2eb-4a29-84ac-899ed1798c81
Data Engineer 경력 채용,오비맥주(주),수정일 23/10/05,~ 11/03(금),서울 강남구,경력,대졸↑,정규직,,"데이터분석가, 데이터엔지니어, DBA, AWS, Azure 외 수정일 23/10/05",https://www.saramin.co.kr/zf_user/jobs/relay/view?view_type=search&rec_idx=46698296&location=ts&searchword=%EB%8D%B0%EC%9D%B4%ED%84%B0%EC%82%AC%EC%9D%B4%EC%96%B8%ED%8B%B0%EC%8A%A4%ED%8A%B8&searchType=search&paid_fl=n&search_uuid=ad3c9cf2-c2eb-4a29-84ac-899ed1798c81
[베스텔라랩] 빅데이터 엔지니어(경기/대구)(병특가능),(주)베스텔라랩,수정일 23/09/26,~ 10/16(월),경기전체,경력 2~7년,초대졸↑,정규직,,"데이터분석가, 백엔드/서버개발, 웹개발, 프론트엔드, SE(시스템엔지니어) 외 수정일 23/09/26",https://www.saramin.co.kr/zf_user/jobs/relay/view?view_type=search&rec_idx=46654585&location=ts&searchword=%EB%8D%B0%EC%9D%B4%ED%84%B0%EC%82%AC%EC%9D%B4%EC%96%B8%ED%8B%B0%EC%8A%A4%ED%8A%B8&searchType=search&paid_fl=n&search_uuid=ad3c9cf2-c2eb-4a29-84ac-899ed1798c81
마케팅 데이터 분석가 채용,머큐리프로젝트(주),수정일 23/10/13,~ 11/10(금),서울 강남구,경력,대졸↑,정규직,,"데이터분석가, 데이터시각화, 딥러닝, 머신러닝, 빅데이터 외 수정일 23/10/13",https://www.saramin.co.kr/zf_user/jobs/relay/view?view_type=search&rec_idx=46751443&location=ts&searchword=%EB%8D%B0%EC%9D%B4%ED%84%B0%EC%82%AC%EC%9D%B4%EC%96%B8%ED%8B%B0%EC%8A%A4%ED%8A%B8&searchType=search&paid_fl=n&search_uuid=ad3c9cf2-c2eb-4a29-84ac-899ed1798c81
"AI 개발자 (생성형AI, 머신비전, 로봇제어) 채용",(주)한국해양벤처투자,등록일 23/10/01,~ 11/30(목),부산 금정구,경력1년↑,학력무관,파트·계약직,,"데이터분석가, 데이터엔지니어, 백엔드/서버개발, 앱개발, 웹개발 외 등록일 23/10/01",https://www.saramin.co.kr/zf_user/jobs/relay/view?view_type=search&rec_idx=46671932&location=ts&searchword=%EB%8D%B0%EC%9D%B4%ED%84%B0%EC%82%AC%EC%9D%B4%EC%96%B8%ED%8B%B0%EC%8A%A4%ED%8A%B8&searchType=search&paid_fl=n&search_uuid=ad3c9cf2-c2eb-4a29-84ac-899ed1798c81
컨설팅부문 DP팀 (비즈니스 설계 전문가) 컨설턴트 경력직,한영회계법인,등록일 23/10/05,~ 10/20(금),서울 영등포구,경력3년↑,대졸↑,정규직,,"데이터분석가, Python, R, SQL, 컨설턴트 외 등록일 23/10/05",https://www.saramin.co.kr/zf_user/jobs/relay/view?view_type=search&rec_idx=46702385&location=ts&searchword=%EB%8D%B0%EC%9D%B4%ED%84%B0%EC%82%AC%EC%9D%B4%EC%96%B8%ED%8B%B0%EC%8A%A4%ED%8A%B8&searchType=search&paid_fl=n&search_uuid=ad3c9cf2-c2eb-4a29-84ac-899ed1798c81
디지털마케팅 데이터분석 전문가 (국내 최고대기업 계열),(주)스카우트,수정일 23/10/12,채용시,서울 강남구,경력4년↑,대졸↑,정규직,,"데이터분석가, 데이터엔지니어, 빅데이터, 클라우드, NLP(자연어처리) 외 수정일 23/10/12",https://www.saramin.co.kr/zf_user/jobs/relay/view?view_type=search&rec_idx=46675528&location=ts&searchword=%EB%8D%B0%EC%9D%B4%ED%84%B0%EC%82%AC%EC%9D%B4%EC%96%B8%ED%8B%B0%EC%8A%A4%ED%8A%B8&searchType=search&paid_fl=n&search_uuid=ad3c9cf2-c2eb-4a29-84ac-899ed1798c81
Java Web 개발자,(주)라이언앤코,수정일 23/09/21,~ 10/31(화),서울 강남구,경력 2~15년,초대졸↑,정규직,,"백엔드/서버개발, 웹개발, 퍼블리셔, 프론트엔드, DBA 외 수정일 23/09/21",https://www.saramin.co.kr/zf_user/jobs/relay/view?view_type=search&rec_idx=46629107&location=ts&searchword=%EB%8D%B0%EC%9D%B4%ED%84%B0%EC%82%AC%EC%9D%B4%EC%96%B8%ED%8B%B0%EC%8A%A4%ED%8A%B8&searchType=search&paid_fl=n&search_uuid=ad3c9cf2-c2eb-4a29-84ac-899ed1798c81
컨설팅부문 Data & Analytics팀 (CRM/데이터 전략/분석)컨설턴트,한영회계법인,등록일 23/10/04,~ 10/16(월),서울 영등포구,경력5년↑,대졸↑,정규직,,"IT컨설팅, Python, SQL, 컨설턴트, 데이터분석 외 등록일 23/10/04",https://www.saramin.co.kr/zf_user/jobs/relay/view?view_type=search&rec_idx=46683568&location=ts&searchword=%EB%8D%B0%EC%9D%B4%ED%84%B0%EC%82%AC%EC%9D%B4%EC%96%B8%ED%8B%B0%EC%8A%A4%ED%8A%B8&searchType=search&paid_fl=n&search_uuid=ad3c9cf2-c2eb-4a29-84ac-899ed1798c81
[miso] Product Manager,(유)미소,수정일 23/10/06,상시채용,서울 종로구,경력 5~15년,학력무관,정규직,,"백엔드/서버개발, 웹개발, 프론트엔드, 인프라, AWS 외 수정일 23/10/06",https://www.saramin.co.kr/zf_user/jobs/relay/view?view_type=search&rec_idx=46591889&location=ts&searchword=%EB%8D%B0%EC%9D%B4%ED%84%B0%EC%82%AC%EC%9D%B4%EC%96%B8%ED%8B%B0%EC%8A%A4%ED%8A%B8&searchType=search&paid_fl=n&search_uuid=ad3c9cf2-c2eb-4a29-84ac-899ed1798c81
컨설팅부문 AI/DnA팀 (머신러닝/딥러닝) 컨설턴트 경력직,한영회계법인,등록일 23/10/04,~ 10/17(화),서울 영등포구,경력,대졸↑,정규직,,"IT컨설팅, 딥러닝, AI(인공지능), 컨설턴트, 머신러닝 외 등록일 23/10/04",https://www.saramin.co.kr/zf_user/jobs/relay/view?view_type=search&rec_idx=46690104&location=ts&searchword=%EB%8D%B0%EC%9D%B4%ED%84%B0%EC%82%AC%EC%9D%B4%EC%96%B8%ED%8B%B0%EC%8A%A4%ED%8A%B8&searchType=search&paid_fl=n&search_uuid=ad3c9cf2-c2eb-4a29-84ac-899ed1798c81
데이터 엔지니어 경력 사원 채용,알파브릿지(주),등록일 23/09/26,~ 10/26(목),경기 성남시 분당구,경력2년↑,학력무관,정규직,,"데이터엔지니어, API, ETL, RDBMS, AWS 외 등록일 23/09/26",https://www.saramin.co.kr/zf_user/jobs/relay/view?view_type=search&rec_idx=46658178&location=ts&searchword=%EB%8D%B0%EC%9D%B4%ED%84%B0%EC%82%AC%EC%9D%B4%EC%96%B8%ED%8B%B0%EC%8A%A4%ED%8A%B8&searchType=search&paid_fl=n&search_uuid=ad3c9cf2-c2eb-4a29-84ac-899ed1798c81
Backend Engineer (MLOps 제품개발),(주)마키나락스,수정일 23/10/11,상시채용,서울 서초구,경력 7~20년,학력무관,정규직,,"백엔드/서버개발, 웹개발, 프론트엔드, DBA, 인프라 외 수정일 23/10/11",https://www.saramin.co.kr/zf_user/jobs/relay/view?view_type=search&rec_idx=42323553&location=ts&searchword=%EB%8D%B0%EC%9D%B4%ED%84%B0%EC%82%AC%EC%9D%B4%EC%96%B8%ED%8B%B0%EC%8A%A4%ED%8A%B8&searchType=search&paid_fl=n&search_uuid=ad3c9cf2-c2eb-4a29-84ac-899ed1798c81
백엔드 개발자 (Backend Engineer) - PdX,(주)원프레딕트,수정일 23/05/31,상시채용,서울 강남구,경력 5~7년,학력무관,정규직,,"백엔드/서버개발, 웹개발, 프론트엔드, .NET, ASP 외 수정일 23/05/31",https://www.saramin.co.kr/zf_user/jobs/relay/view?view_type=search&rec_idx=44846003&location=ts&searchword=%EB%8D%B0%EC%9D%B4%ED%84%B0%EC%82%AC%EC%9D%B4%EC%96%B8%ED%8B%B0%EC%8A%A4%ED%8A%B8&searchType=search&paid_fl=n&search_uuid=ad3c9cf2-c2eb-4a29-84ac-899ed1798c81
데이터 엔지니어,(주)비포플레이,등록일 23/03/31,상시채용,서울 강남구,경력 3~10년,학력무관,정규직,,"웹개발, DBA, SE(시스템엔지니어), 데이터마이닝, 데이터시각화 외 등록일 23/03/31",https://www.saramin.co.kr/zf_user/jobs/relay/view?view_type=search&rec_idx=45393058&location=ts&searchword=%EB%8D%B0%EC%9D%B4%ED%84%B0%EC%82%AC%EC%9D%B4%EC%96%B8%ED%8B%B0%EC%8A%A4%ED%8A%B8&searchType=search&paid_fl=n&search_uuid=ad3c9cf2-c2eb-4a29-84ac-899ed1798c81
[전문연구요원 가능] SW개발팀 프론트엔드 개발자,텔레픽스(주),등록일 23/09/12,~ 11/11(토),서울 영등포구,경력5년↑,학력무관,정규직,,"프론트엔드, CSS, HTML, Javascript, React 외 등록일 23/09/12",https://www.saramin.co.kr/zf_user/jobs/relay/view?view_type=search&rec_idx=46567091&location=ts&searchword=%EB%8D%B0%EC%9D%B4%ED%84%B0%EC%82%AC%EC%9D%B4%EC%96%B8%ED%8B%B0%EC%8A%A4%ED%8A%B8&searchType=search&paid_fl=n&search_uuid=ad3c9cf2-c2eb-4a29-84ac-899ed1798c81
[외국계 광고회사] Senior Data Engagement Manager,미디어몽크스서울 유한책임회사,등록일 23/09/27,~ 11/26(일),서울 중구,경력6년↑,대졸↑,정규직,,"데이터엔지니어, 유지보수, IT컨설팅, 솔루션, 클라우드 외 등록일 23/09/27",https://www.saramin.co.kr/zf_user/jobs/relay/view?view_type=search&rec_idx=46665050&location=ts&searchword=%EB%8D%B0%EC%9D%B4%ED%84%B0%EC%82%AC%EC%9D%B4%EC%96%B8%ED%8B%B0%EC%8A%A4%ED%8A%B8&searchType=search&paid_fl=n&search_uuid=ad3c9cf2-c2eb-4a29-84ac-899ed1798c81
[금융대기업계열사] Data Engineer 경력직 채용,휴먼인써치,수정일 23/10/12,~ 11/05(일),서울 서초구,경력3년↑,대졸↑,정규직,,"데이터엔지니어, 클라우드, API, 아키텍쳐, AWS 외 수정일 23/10/12",https://www.saramin.co.kr/zf_user/jobs/relay/view?view_type=search&rec_idx=46707598&location=ts&searchword=%EB%8D%B0%EC%9D%B4%ED%84%B0%EC%82%AC%EC%9D%B4%EC%96%B8%ED%8B%B0%EC%8A%A4%ED%8A%B8&searchType=search&paid_fl=n&search_uuid=ad3c9cf2-c2eb-4a29-84ac-899ed1798c81
데이터 엔지니어(Data Engineer) 경력 채용,(주)프라이데이즈랩,등록일 23/09/11,채용시,서울 서초구,경력3년↑,학력무관,정규직,,"데이터엔지니어, 솔루션, 알고리즘, 클라우드, AWS 외 등록일 23/09/11",https://www.saramin.co.kr/zf_user/jobs/relay/view?view_type=search&rec_idx=46555579&location=ts&searchword=%EB%8D%B0%EC%9D%B4%ED%84%B0%EC%82%AC%EC%9D%B4%EC%96%B8%ED%8B%B0%EC%8A%A4%ED%8A%B8&searchType=search&paid_fl=n&search_uuid=ad3c9cf2-c2eb-4a29-84ac-899ed1798c81
[리걸테크기업] Data Engineer,(주)에스유스카우트,등록일 23/10/04,~ 10/18(수),서울 강남구,경력3년↑,초대졸↑,정규직,,"데이터엔지니어, 클라우드, Angular, Docker, Flask 외 등록일 23/10/04",https://www.saramin.co.kr/zf_user/jobs/relay/view?view_type=search&rec_idx=46686984&location=ts&searchword=%EB%8D%B0%EC%9D%B4%ED%84%B0%EC%82%AC%EC%9D%B4%EC%96%B8%ED%8B%B0%EC%8A%A4%ED%8A%B8&searchType=search&paid_fl=n&search_uuid=ad3c9cf2-c2eb-4a29-84ac-899ed1798c81
mo[중소/글로벌/실리콘밸리/머신러닝]lo 데이타 사이언티스트,(주)에이치알글로벌네트워크,수정일 23/10/13,~ 10/26(목),서울 강남구,경력 5~20년,석사↑,정규직,,"데이터시각화, 딥러닝, 머신러닝, Python, SQL 외 수정일 23/10/13",https://www.saramin.co.kr/zf_user/jobs/relay/view?view_type=search&rec_idx=46744441&location=ts&searchword=%EB%8D%B0%EC%9D%B4%ED%84%B0%EC%82%AC%EC%9D%B4%EC%96%B8%ED%8B%B0%EC%8A%A4%ED%8A%B8&searchType=search&paid_fl=n&search_uuid=ad3c9cf2-c2eb-4a29-84ac-899ed1798c81
[한빗코] Business Development Manager 사업기획/사업개발,주식회사 한빗코코리아,수정일 23/10/05,채용시,서울 강남구,경력5년↑,대졸↑,정규직,,"사업개발, 사업관리, 사업제휴, 신사업기획, 신사업발굴 외 수정일 23/10/05",https://www.saramin.co.kr/zf_user/jobs/relay/view?view_type=search&rec_idx=46702715&location=ts&searchword=%EB%8D%B0%EC%9D%B4%ED%84%B0%EC%82%AC%EC%9D%B4%EC%96%B8%ED%8B%B0%EC%8A%A4%ED%8A%B8&searchType=search&paid_fl=n&search_uuid=ad3c9cf2-c2eb-4a29-84ac-899ed1798c81
[광고사업부] 카피라이터 채용,매드업,등록일 23/10/04,~ 10/31(화),서울 서초구,경력 2~7년,학력무관,정규직,,"CW(카피라이터), 온라인마케팅, CW(카피라이터), IMC, 광고디자인 외 등록일 23/10/04",https://www.saramin.co.kr/zf_user/jobs/relay/view?view_type=search&rec_idx=46678858&location=ts&searchword=%EB%8D%B0%EC%9D%B4%ED%84%B0%EC%82%AC%EC%9D%B4%EC%96%B8%ED%8B%B0%EC%8A%A4%ED%8A%B8&searchType=search&paid_fl=n&search_uuid=56991fc1-c129-4aab-b1b2-09688f078bec
2023년 메디허브 디지털 마케팅 팀장 경력직 채용,주식회사 메디허브,수정일 23/10/10,~ 10/30(월),서울 서초구,경력10년↑,대졸↑,정규직,,"마케팅기획, 마케팅전략, 콘텐츠기획, 광고마케팅, 콘텐츠마케팅 외 수정일 23/10/10",https://www.saramin.co.kr/zf_user/jobs/relay/view?view_type=search&rec_idx=46606071&location=ts&searchword=%EB%8D%B0%EC%9D%B4%ED%84%B0%EC%82%AC%EC%9D%B4%EC%96%B8%ED%8B%B0%EC%8A%A4%ED%8A%B8&searchType=search&paid_fl=n&search_uuid=56991fc1-c129-4aab-b1b2-09688f078bec
[광고사업부] 글로벌 퍼포먼스 마케터(AE) 채용,매드업,등록일 23/10/04,~ 10/31(화),서울 서초구,경력 1~10년,대졸↑,정규직,,"AE(광고기획자), 미디어플래너, 온라인마케팅, 키워드광고, 광고기획 외 등록일 23/10/04",https://www.saramin.co.kr/zf_user/jobs/relay/view?view_type=search&rec_idx=46678829&location=ts&searchword=%EB%8D%B0%EC%9D%B4%ED%84%B0%EC%82%AC%EC%9D%B4%EC%96%B8%ED%8B%B0%EC%8A%A4%ED%8A%B8&searchType=search&paid_fl=n&search_uuid=56991fc1-c129-4aab-b1b2-09688f078bec
[광고사업부] 미디어렙 부분 경력 매니저(AE) 채용,매드업,수정일 23/10/05,~ 10/31(화),서울 서초구,경력 1~3년,대졸↑,정규직,,"AE(광고기획자), 미디어플래너, 온라인마케팅, 키워드광고, 광고기획 외 수정일 23/10/05",https://www.saramin.co.kr/zf_user/jobs/relay/view?view_type=search&rec_idx=46700082&location=ts&searchword=%EB%8D%B0%EC%9D%B4%ED%84%B0%EC%82%AC%EC%9D%B4%EC%96%B8%ED%8B%B0%EC%8A%A4%ED%8A%B8&searchType=search&paid_fl=n&search_uuid=56991fc1-c129-4aab-b1b2-09688f078bec
Person In Plant MS&T (Senior Scientist),(유)한국비엠에스제약,수정일 23/09/22,채용시,서울 강남구,경력3년↑,대졸↑,정규직,,"세포배양, 제약/바이오, 제약/바이오, 의약·제약 수정일 23/09/22",https://www.saramin.co.kr/zf_user/jobs/relay/view?view_type=search&rec_idx=46408933&location=ts&searchword=%EB%8D%B0%EC%9D%B4%ED%84%B0%EC%82%AC%EC%9D%B4%EC%96%B8%ED%8B%B0%EC%8A%A4%ED%8A%B8&searchType=search&paid_fl=n&search_uuid=56991fc1-c129-4aab-b1b2-09688f078bec
[외국계 상위권 제약사] APAC Real World Evidence Scientist,(주)맨파워그룹코리아,등록일 23/10/12,~ 11/11(토),서울 강남구,경력 1~15년,대졸↑,정규직,,"간호사, 수의사, 약사, CRC(연구간호사), 생명과학 외 등록일 23/10/12",https://www.saramin.co.kr/zf_user/jobs/relay/view?view_type=search&rec_idx=46752061&location=ts&searchword=%EB%8D%B0%EC%9D%B4%ED%84%B0%EC%82%AC%EC%9D%B4%EC%96%B8%ED%8B%B0%EC%8A%A4%ED%8A%B8&searchType=search&paid_fl=n&search_uuid=56991fc1-c129-4aab-b1b2-09688f078bec
데이터 사이언티스트 (전문연구요원 가능),브이젠(주),등록일 23/08/18,상시채용,서울 강남구,신입·경력,대졸↑,정규직,,"데이터분석가, 웹개발, SE(시스템엔지니어), 데이터마이닝, 데이터시각화 외 등록일 23/08/18",https://www.saramin.co.kr/zf_user/jobs/relay/view?view_type=search&rec_idx=46387092&location=ts&searchword=%EB%8D%B0%EC%9D%B4%ED%84%B0%EC%82%AC%EC%9D%B4%EC%96%B8%ED%8B%B0%EC%8A%A4%ED%8A%B8&searchType=search&paid_fl=n&search_uuid=56991fc1-c129-4aab-b1b2-09688f078bec
"데이터 사이언티스트, 엔지니어",(주)스튜디오랩,등록일 23/06/28,상시채용,서울 강남구,경력 1~9년,학력무관,정규직,,"데이터분석가, 데이터엔지니어, 백엔드/서버개발, 웹개발, SE(시스템엔지니어) 외 등록일 23/06/28",https://www.saramin.co.kr/zf_user/jobs/relay/view?view_type=search&rec_idx=46028988&location=ts&searchword=%EB%8D%B0%EC%9D%B4%ED%84%B0%EC%82%AC%EC%9D%B4%EC%96%B8%ED%8B%B0%EC%8A%A4%ED%8A%B8&searchType=search&paid_fl=n&search_uuid=56991fc1-c129-4aab-b1b2-09688f078bec
